Workbook

Sheet Tabela de preços
A1: CÓDIGO | B1: DESCRIÇÃO | C1: UNID MED | D1: VALOR | E1: EMBALAGEM | F1: OBSERVAÇÃO
A2: PKT100297IN | B2: PIVOT IL 100 (INVISIVEL) 280KG - ITALY LINE | C2: UNID | D2: 318.74
A3: 865 | B3: LAMINA NATURAL CARVALHO EUROPEU | C3: M² | D3: 65
A4: PKT100024IN | B4: BUCHA 08MM | C4: CT | D4: =0.18*100 -> 18 | E4: 1000 Unid
A5: PKT100033IN | B5: COLA DE CONTATO 2,8KG | C5: UNID | D5: 99
A6: PKT100039IN | B6: COLA PUR TEKBOND 500G | C6: UNID | D6: 33.64
A7: PKT100050IN | B7: VEDA FRESTAS 04 X 09MM MARROM CLARO C/ 06 MT | C7: UNID | D7: 17.512
A8: PKT100064IN | B8: FUNDO ACABAMENTO BRILHO 0 MILESSI | C8: LT | D8: =2192.67/25 -> 87.7068 | E8: 25 LT
A9: PKT100066IN | B9: COLA TITE BOND 1KG | C9: UNID | D9: 46.15
A10: PKT100070IN | B10: IMÃ 22X10 N.42 | C10: UNID | D10: 17.85
A11: PKT100218IN | B11: PINO F30 P/ PINADOR PNEUMATICO | C11: CT | D11: =45.2/100 -> 0.452 | E11: 5000 Unid
A12: PKT100231IN | B12: PIVOT HEAVY H143 (300KG) AÇO ESCOVADO | C12: UNID | D12: 99.99
A13: PKT100285IN | B13: KIT RO 82TOP P/ 1 Porta FE9009 80-100kg | C13: KIT | D13: 473.5
A14: PKT100288IN | B14: TRILHO SUP RM-003 P/RO82 6M FSC | C14: BARRA | D14: 452
A15: PKT100292IN | B15: KIT DN150 COM AMORTECIMENTO PARA 01 PORTA - DUCASSE | C15: KIT | D15: 967.58
A16: PKT100425IN | B16: TRILHO U150 ANODIZADO PRATA 6MT- DUCASSE | C16: BARRA | D16: 772.32
A17: PKT100487IN | B17: BARRA TUBO 20 X 30 X 6,00 CH PRETO | C17: BARRA | D17: 58.65
A18: PKT100503IN | B18: PERFIL DE ALUMINIO 1/2 - 02 METROS - 10MM INTERNO | C18: BARRA | D18: 13.6
A19: PKT100504IN | B19: GRAMPO TIPO ''U'' 80x12MM | C19: CT | D19: =0.02*100 -> 2 | E19: 5000 Unid
A20: PKT100505IN | B20: FECHADURA AUX LINGUETA RETA INOX FOSCO 911.22.490 | C20: UNID | D20: 105.204
A21: PKT100506IN | B21: ADAPTADOR P/WC ZMK NIQ 911.03.885 | C21: UNID | D21: 19.12
A22: PKT100509IN | B22: FECHADURA AUX P.CORRER RETA INOX FOSCO 911.26.335 | C22: UNID | D22: 104.43
A23: PKT100511IN | B23: PIVÔ CIR 80KG - ECLISSE | C23: UNID | D23: 463.025
A24: PKT100511IN | B24: TRANQUETA GOTINHA AÇO INOX ESCOVADO | C24: UNID | D24: 293
A25: PKT100518IN | B25: PUXADOR FRONTAL OBLONGO INOX 304 ESCOVADO | C25: UNID | D25: 110
A26: PKT100519IN | B26: ADAPTADOR INTERNO, PARA FECHADURAS COD 911.03.886 | C26: UNID | D26: 33.26
A27: PKT100520IN | B27: COMPENSADO NAVAL 10MM (10X1200X3000) | C27: UNID | D27: 185
A28: PKT100521IN | B28: PARAFUSO BICROMATIZADO PHILIPS 6.0X80MM | C28: CT | D28: =100*0.28 -> 28 | E28: 100 Unid
A29: PKT100522IN | B29: COLA OBLONGO ACABAMENTO CHAVE 27,5x13mm | C29: UNID | D29: 25
A30: PKT100528IN | B30: FECHADURA SEGURANÇA 03 PINOS C/ ROLETE 70291 KESO | C30: CJ | D30: 728.22
A31: PKT100633IN | B31: FECHADURA SEGURANÇA 12 PINOS C/ ROLETE 70200 KESO | C31: CJ | D31: 1301
A32: PKT400351P | B32: MADEIRA MACIÇA TAUARI (0.02X0.20X3.00) | C32: M³ | D32: 2900
A33: PKT400352P | B33: MADEIRA MACIÇA TAUARI (0.02X0.20X1.00) | C33: M³ | D33: 2900

Sheet Produtos Geris 
A2: GERIS WC | B2: METRAGEM (0.052X1.20X2.95) | D2: GERIS WC INTERNO | E2: METRAGEM (0.052X1.20X2.95) | G2: GERIS WC EXTERNO | H2: METRAGEM (0.052X1.20X2.95) | J2: Quadrado verde quer dizer que ja está cadastrado em sistema e colcoado a GRADE!
A3: Código | B3: Descrição | D3: Código | E3: Descrição | G3: Código | H3: Descrição
A4: PRICIPAIS | D4: PRICIPAIS | G4: PRICIPAIS
A5: PKTGER001 | B5: PORTA PIVO GERIS WC LAM. CARVALHO EUROPEU | D5: PKTGER006 | E5: PORTA PIVO GERIS INT. LAM. CARVALHO | G5: PKTGER011 | H5: PORTA PIVO GERIS EXT. LAM. CARVALHO
A6: PKTGER002 | B6: PORTA PIVO GERIS WC LAM. TAUARI NATURALLE | D6: PKTGER007 | E6: PORTA PIVO GERIS INT. LAM. TAUARI | G6: PKTGER012 | H6: PORTA PIVO GERIS EXT. LAM. TAUARI
A7: PKTGER003 | B7: PORTA PIVO GERIS WC LAM. FREIJO | D7: PKTGER008 | E7: PORTA PIVO GERIS INT. LAM. FREIJO | G7: PKTGER013 | H7: PORTA PIVO GERIS EXT. LAM. FREIJO
A8: PKTGER004 | B8: PORTA PIVO GERIS WC LAM. SUCUPIRA | D8: PKTGER009 | E8: PORTA PIVO GERIS INT. LAM. SUCUPIRA | G8: PKTGER014 | H8: PORTA PIVO GERIS EXT. LAM. SUCUPIRA
A9: PKTGER005 | B9: PORTA PIVO GERIS WC LAM. NOGUEIRA | D9: PKTGER010 | E9: PORTA PIVO GERIS INT. LAM. NOGUEIRA | G9: PKTGER015 | H9: PORTA PIVO GERIS EXT. LAM. NOGUEIRA
A10: PKTGER016 | B10: PORTA RIPADO PIVO GERIS WC LAM. CABREÚVA DOURADA TG | D10: PKTGER009B | E10: PORTA PIVO GERIS INT. LAM. SUCUPIRA/CRU | G10: PKTGER018 | H10: PORTA RIPADO PIVO GERIS EXT. LAM. CABREÚVA DOURADA TG
A11: PKTGER019 | B11: PORTA RIPADO PIVO GERIS WC LAM. PEROBA PREMIUM | D11: PKTGER017 | E11: PORTA RIPADO PIVO GERIS INT. LAM. CABREÚVA DOURADA TG | G11: PKTGER021 | H11: PORTA PIVO GERIS EXT. LAM. PEROBA PREMIUM
A12: PKTGER022 | B12: PORTA PIVO GERIS WC LACA BEGE | D12: PKTGER020 | E12: PORTA PIVO GERIS INT. LAM. PEROBA PREMIUM | G12: PKTGER025 | H12: PORTA PIVO GERIS INT. LAM. PEROBA PREMIUM
D13: PKTGER023 | E13: PORTA PIVO GERIS INT. LACA BEGE | G13: PKTGER024 | H13: PORTA PIVO GERIS EXT. LACA BEGE
A16: PKTGER000 | B16: PORTA PIVO GERIS WC LAM. CABREUVA VERMELHO WC
A17: PKTGER000 | B17: PORTA PIVO GERIS WC LAM. CANELA WC
A18: PKTGER000 | B18: PORTA PIVO GERIS WC LAM. CATUABA WC
A19: PKTGER000 | B19: PORTA PIVO GERIS WC LAM. CEDRO ARANA WC
A20: PKTGER000 | B20: PORTA PIVO GERIS WC LAM. CEDROWC
A21: PKTGER000 | B21: PORTA PIVO GERIS WC LAM. CEREJEIRA WC
A22: PKTGER000 | B22: PORTA PIVO GERIS WC LAM. CUMARU WC
A23: PKTGER000 | B23: PORTA PIVO GERIS WC LAM. CURUPIXAWC
A24: PKTGER000 | B24: PORTA PIVO GERIS WC LAM. DESCANSO DE MARFIM WC
A25: PKTGER000 | B25: PORTA PIVO GERIS WC LAM. EUCALIPTOWC
A26: PKTGER000 | B26: PORTA PIVO GERIS WC LAM. FIGUEIRA BRANCAWC
A27: PKTGER000 | B27: PORTA PIVO GERIS WC LAM. FREIJO SUCUPIRA WC
... A55: PKTGER000 | B55: PORTA PIVO GERIS WC LAM. NOGUEIRA WC

Sheet Produtos Cir
A1: CIR WC | B1: METRAGEM (0.052X1.20X2.95) | D1: CIR INTERNO | E1: METRAGEM (0.052X1.20X2.95) | G1: CIR EXTERNO | H1: METRAGEM (0.052X1.20X2.95)
A2: Código | B2: Descrição | D2: Código | E2: Descrição | G2: Código | H2: Descrição
A3: PRICIPAIS | D3: PRICIPAIS | G3: PRICIPAIS
A4: PKTCIR001 | B4: PORTA PIVO CIR WC LAM. CARVALHO EUROPEU | D4: PKTCIR006 | E4: PORTA PIVO CIR INT LAM. CARVALHO EUROPEU | G4: PKTCIR011 | H4: PORTA PIVO CIR EXT. LAM. CARVALHO EUROPEU
A5: PKTCIR002 | B5: PORTA PIVO CIR WC LAM. TAUARI NATURALLE | D5: PKTCIR007 | E5: PORTA PIVO CIR INT. LAM. TAUARI NATURALLE | G5: PKTCIR012 | H5: PORTA PIVO CIR EXT. LAM. TAUARI NATURALLE
A6: PKTCIR003 | B6: PORTA PIVO CIR WC LAM. FREIJO | D6: PKTCIR008 | E6: PORTA PIVO CIR INT. LAM. FREIJO | G6: PKTCIR013 | H6: PORTA PIVO CIR EXT. LAM. FREIJO
A7: PKTCIR004 | B7: PORTA PIVO CIR WC LAM. SUCUPIRA | D7: PKTCIR009 | E7: PORTA PIVO CIR INT. LAM. SUCUPIRA | G7: PKTCIR014 | H7: PORTA PIVO CIR EXT. LAM. SUCUPIRA
A8: PKTCIR005 | B8: PORTA PIVO CIR WC LAM. NOGUEIRA | D8: PKTCIR010 | E8: PORTA PIVO CIR INT. LAM. NOGUEIRA | G8: PKTCIR015 | H8: PORTA PIVO CIR EXT. LAM. NOGUEIRA
A9: PKTCIR016 | B9: PORTA RIPADO PIVO CIR WC LAM. CABREÚVA DOURADA TG | D9: PKTCIR017 | E9: PORTA RIPADO PIVO CIR INT. LAM. CABREÚVA DOURADA TG | G9: PKTCIR018 | H9: PORTA RIPADO PIVO CIR EXT. LAM. CABREÚVA DOURADA TG
A19: PKTGER000 | B19: PORTA PIVO CIR WC LAM. CEDROWC
A20: PKTGER000 | B20: PORTA PIVO CIR WC LAM. CEREJEIRA WC
A21: PKTGER000 | B21: PORTA PIVO CIR WC LAM. CUMARU WC
A22: PKTGER000 | B22: PORTA PIVO CIR WC LAM. CURUPIXAWC
A23: PKTGER000 | B23: PORTA PIVO CIR WC LAM. DESCANSO DE MARFIM WC
A24: PKTGER000 | B24: PORTA PIVO CIR WC LAM. EUCALIPTOWC
A25: PKTGER000 | B25: PORTA PIVO CIR WC LAM. FIGUEIRA BRANCAWC
A26: PKTGER000 | B26: PORTA PIVO CIR WC LAM. FREIJO SUCUPIRA WC
A27: PKTGER000 | B27: PORTA PIVO CIR WC LAM. GARANPEIRAWC
A28: PKTGER000 | B28: PORTA PIVO CIR WC LAM. GOIABAO CLAROWC
A29: PKTGER000 | B29: PORTA PIVO CIR WC LAM. GOIABAO ESCUROWC
A30: PKTGER000 | B30: PORTA PIVO CIR WC LAM. GOIABAO IPE AMARELOWC
... A54: PKTGER000 | B54: PORTA PIVO CIR WC LAM. NOGUEIRA WC

Sheet Produtos Correr DN150 
A1: DN150 01 F | B1: METRAGEM (0.052X1.20X2.95) | D1: DN150 02 F | E1: METRAGEM (0.052X1.20X2.95) | G1: DN150 03 F | H1: METRAGEM (0.052X1.20X2.95)
A2: Código | B2: Descrição | D2: Código | E2: Descrição | G2: Código | H2: Descrição
A3: PRICIPAIS | D3: PRICIPAIS | G3: PRICIPAIS
A4: PKTDN150001 | B4: PORTA CORRER 01 F LAM. CARVALHO EUROPEU - 0.052X1.20X2.95 | D4: PKTDN150006 | E4: PORTA CORRER 01F DN150 LAM. CARV. EUR. - 0.052X1.20X2.95 | G4: PKTDN150011
A5: PKTDN150002 | B5: PORTA CORRER 01 F LAM. TAUARI NATURALLE - 0.052X1.20X2.95 | D5: PKTDN150007 | G5: PKTDN150012
A6: PKTDN150003 | B6: PORTA CORRER 01 F LAM. FREIJO - 0.052X1.20X2.95 | D6: PKTDN150008 | G6: PKTDN150013
A7: PKTDN150004 | B7: PORTA CORRER 01 F LAM. SUCUPIRA - 0.052X1.20X2.95 | D7: PKTDN150009 | G7: PKTDN150014
A8: PKTDN150005 | B8: PORTA CORRER 01 F LAM. NOGUEIRA - 0.052X1.20X2.95 | D8: PKTDN150010 | G8: PKTDN150015
A9: PKTDN150016 | B9: PORTA RIPADO CORRER 01F LAM. CABREÚVA DOURADA TG
A10: PKTDN150017
A11: PKTDN150018
A12: PKTGER000
A13: PKTGER000
A14: PKTGER000
A15: PKTGER000
A16: PKTGER000
A17: PKTGER000
A18: PKTGER000
A19: PKTGER000
A20: PKTGER000
A21: PKTGER000
... A54: PKTGER000

Sheet Produtos Camarão
A1: CAMARÃO 02F | B1: METRAGEM (0.052X1.20X2.95) | D1: DN150 02 F | E1: METRAGEM (0.052X1.20X2.95) | G1: DN150 03 F | H1: METRAGEM (0.052X1.20X2.95)
A2: Código | B2: Descrição | D2: Código | E2: Descrição | G2: Código | H2: Descrição
A3: PRICIPAIS | D3: PRICIPAIS | G3: PRICIPAIS
A4: PKTCAM00001 | B4: PORTA CAMARÃO 02F LAM. PEROBA PREMIUM | D4: PKTCAM00005 | G4: PKTCAM00009
A5: PKTCAM00002 | D5: PKTCAM00006 | G5: PKTCAM00010
A6: PKTCAM00003 | D6: PKTCAM00007 | G6: PKTCAM00011
A7: PKTCAM00004 | D7: PKTCAM00008 | G7: PKTCAM00012
A8: PKTCAM00005 | D8: PKTCAM00009 | G8: PKTCAM00013
A9: POSSIVEIS VENDAS | D9: POSSIVEIS VENDAS | G9: POSSIVEIS VENDAS
A10: PKTGER000
A11: PKTGER000
A12: PKTGER000
A13: PKTGER000
A14: PKTGER000
A15: PKTGER000
A16: PKTGER000
A17: PKTGER000
A18: PKTGER000
A19: PKTGER000
A20: PKTGER000
A21: PKTGER000
... A55: PKTGER000

Sheet EM BRANCO
A1: GRADE PORTAS BY PARKET - PORTA PIVO CIR WC WC LAM. CARVALHO EUROPEU
A2: LISTA DE FERRAGENS E INSUMOS
A4: FERRAGENS | B4: DESCRIÇÃO | C4: QUANT | D4: UNID MEDIDA | E4: CUSTO | F4: CUSTO TOTAL | R4: OBSERVAÇÃO
B5: =IFERROR(VLOOKUP(A5,'Tabela de preços'!A:B,2,FALSE),"") | D5: =IFERROR(VLOOKUP(A5,'Tabela de preços'!A:C,3,FALSE),"") | E5: =IFERROR(VLOOKUP(B5,Tabela_preços[[DESCRIÇÃO]:[VALOR]],3,FALSE),"0") -> 0 | F5: =E5*C5 -> 0 | R5: Apenas incluir código do produto e quantidade
B6: =IFERROR(VLOOKUP(A6,'Tabela de preços'!A:B,2,FALSE),"") | D6: =IFERROR(VLOOKUP(A6,'Tabela de preços'!A:C,3,FALSE),"") | E6: =IFERROR(VLOOKUP(B6,Tabela_preços[[DESCRIÇÃO]:[VALOR]],3,FALSE),"0") -> 0 | F6: =E6*C6 -> 0 | R6: O restante está com fórmula e preenche automático
B7: =IFERROR(VLOOKUP(A7,'Tabela de preços'!A:B,2,FALSE),"") | D7: =IFERROR(VLOOKUP(A7,'Tabela de preços'!A:C,3,FALSE),"") | E7: =IFERROR(VLOOKUP(B7,Tabela_preços[[DESCRIÇÃO]:[VALOR]],3,FALSE),"0") -> 0 | F7: =E7*C7 -> 0
B8: =IFERROR(VLOOKUP(A8,'Tabela de preços'!A:B,2,FALSE),"") | D8: =IFERROR(VLOOKUP(A8,'Tabela de preços'!A:C,3,FALSE),"") | E8: =IFERROR(VLOOKUP(B8,Tabela_preços[[DESCRIÇÃO]:[VALOR]],3,FALSE),"0") -> 0 | F8: =E8*C8 -> 0
B9: =IFERROR(VLOOKUP(A9,'Tabela de preços'!A:B,2,FALSE),"") | D9: =IFERROR(VLOOKUP(A9,'Tabela de preços'!A:C,3,FALSE),"") | E9: =IFERROR(VLOOKUP(B9,Tabela_preços[[DESCRIÇÃO]:[VALOR]],3,FALSE),"0") -> 0 | F9: =E9*C9 -> 0
B10: =IFERROR(VLOOKUP(A10,'Tabela de preços'!A:B,2,FALSE),"") | D10: =IFERROR(VLOOKUP(A10,'Tabela de preços'!A:C,3,FALSE),"") | E10: =IFERROR(VLOOKUP(B10,Tabela_preços[[DESCRIÇÃO]:[VALOR]],3,FALSE),"0") -> 0 | F10: =E10*C10 -> 0
B11: =IFERROR(VLOOKUP(A11,'Tabela de preços'!A:B,2,FALSE),"") | D11: =IFERROR(VLOOKUP(A11,'Tabela de preços'!A:C,3,FALSE),"") | E11: =IFERROR(VLOOKUP(B11,Tabela_preços[[DESCRIÇÃO]:[VALOR]],3,FALSE),"0") -> 0 | F11: =E11*C11 -> 0
B12: =IFERROR(VLOOKUP(A12,'Tabela de preços'!A:B,2,FALSE),"") | D12: =IFERROR(VLOOKUP(A12,'Tabela de preços'!A:C,3,FALSE),"") | E12: =IFERROR(VLOOKUP(B12,Tabela_preços[[DESCRIÇÃO]:[VALOR]],3,FALSE),"0") -> 0 | F12: =E12*C12 -> 0
B13: =IFERROR(VLOOKUP(A13,'Tabela de preços'!A:B,2,FALSE),"") | D13: =IFERROR(VLOOKUP(A13,'Tabela de preços'!A:C,3,FALSE),"") | E13: =IFERROR(VLOOKUP(B13,Tabela_preços[[DESCRIÇÃO]:[VALOR]],3,FALSE),"0") -> 0 | F13: =E13*C13 -> 0
B14: =IFERROR(VLOOKUP(A14,'Tabela de preços'!A:B,2,FALSE),"") | D14: =IFERROR(VLOOKUP(A14,'Tabela de preços'!A:C,3,FALSE),"") | E14: =IFERROR(VLOOKUP(B14,Tabela_preços[[DESCRIÇÃO]:[VALOR]],3,FALSE),"0") -> 0 | F14: =E14*C14 -> 0 | H14: RONALD | J14: COLOCAR CODIGO PARA O ESTOQUE. (OBS: EM TUDO QUE VOCE TIVER)
A16: MATÉRIA PRIMA | C16: QUANT | D16: UNID MEDIDA | E16: CUSTO | F16: CUSTO TOTAL
B17: =IFERROR(VLOOKUP(A17,'Tabela de preços'!A:B,2,FALSE),"") | D17: =IFERROR(VLOOKUP(A17,'Tabela de preços'!A:C,3,FALSE),"") | E17: =IFERROR(VLOOKUP(B17,Tabela_preços[[DESCRIÇÃO]:[VALOR]],3,FALSE),"0") -> 0 | F17: =E17*C17 -> 0
B18: =IFERROR(VLOOKUP(A18,'Tabela de preços'!A:B,2,FALSE),"") | D18: =IFERROR(VLOOKUP(A18,'Tabela de preços'!A:C,3,FALSE),"") | E18: =IFERROR(VLOOKUP(B18,Tabela_preços[[DESCRIÇÃO]:[VALOR]],3,FALSE),"0") -> 0 | F18: =E18*C18 -> 0 | H18: ALISSON | J18: FAZER OUTRAR OPÇÕES COM OUTRAS LAM.S - CUMARU, TAUARI, FREIJÓ SUCUPIRA, NOGUEIRA
B19: =IFERROR(VLOOKUP(A19,'Tabela de preços'!A:B,2,FALSE),"") | D19: =IFERROR(VLOOKUP(A19,'Tabela de preços'!A:C,3,FALSE),"") | E19: =IFERROR(VLOOKUP(B19,Tabela_preços[[DESCRIÇÃO]:[VALOR]],3,FALSE),"0") -> 0 | F19: =E19*C19 -> 0
B20: =IFERROR(VLOOKUP(A20,'Tabela de preços'!A:B,2,FALSE),"") | D20: =IFERROR(VLOOKUP(A20,'Tabela de preços'!A:C,3,FALSE),"") | E20: =IFERROR(VLOOKUP(B20,Tabela_preços[[DESCRIÇÃO]:[VALOR]],3,FALSE),"0") -> 0 | F20: =E20*C20 -> 0
B21: =IFERROR(VLOOKUP(A21,'Tabela de preços'!A:B,2,FALSE),"") | D21: =IFERROR(VLOOKUP(A21,'Tabela de preços'!A:C,3,FALSE),"") | E21: =IFERROR(VLOOKUP(B21,Tabela_preços[[DESCRIÇÃO]:[VALOR]],3,FALSE),"0") -> 0 | F21: =E21*C21 -> 0
B22: =IFERROR(VLOOKUP(A22,'Tabela de preços'!A:B,2,FALSE),"") | D22: =IFERROR(VLOOKUP(A22,'Tabela de preços'!A:C,3,FALSE),"") | E22: =IFERROR(VLOOKUP(B22,Tabela_preços[[DESCRIÇÃO]:[VALOR]],3,FALSE),"0") -> 0 | F22: =E22*C22 -> 0
B23: =IFERROR(VLOOKUP(A23,'Tabela de preços'!A:B,2,FALSE),"") | D23: =IFERROR(VLOOKUP(A23,'Tabela de preços'!A:C,3,FALSE),"") | E23: =IFERROR(VLOOKUP(B23,Tabela_preços[[DESCRIÇÃO]:[VALOR]],3,FALSE),"0") -> 0 | F23: =E23*C23 -> 0
B24: =IFERROR(VLOOKUP(A24,'Tabela de preços'!A:B,2,FALSE),"") | D24: =IFERROR(VLOOKUP(A24,'Tabela de preços'!A:C,3,FALSE),"") | E24: =IFERROR(VLOOKUP(B24,Tabela_preços[[DESCRIÇÃO]:[VALOR]],3,FALSE),"0") -> 0 | F24: =E24*C24 -> 0
B25: =IFERROR(VLOOKUP(A25,'Tabela de preços'!A:B,2,FALSE),"") | D25: =IFERROR(VLOOKUP(A25,'Tabela de preços'!A:C,3,FALSE),"") | E25: =IFERROR(VLOOKUP(B25,Tabela_preços[[DESCRIÇÃO]:[VALOR]],3,FALSE),"0") -> 0 | F25: =E25*C25 -> 0 | H25: ALISSON | J25: CRIAR CODIGO SIMPLES JUNTO AO RONALD - (EXEMPLO - PORTA CIR / PORTA CIR/PORTA D150/PORTA RO82TOP / PORTA DOBRA INVI / PORTA CAMARAO/
B26: =IFERROR(VLOOKUP(A26,'Tabela de preços'!A:B,2,FALSE),"") | D26: =IFERROR(VLOOKUP(A26,'Tabela de preços'!A:C,3,FALSE),"") | E26: =IFERROR(VLOOKUP(B26,Tabela_preços[[DESCRIÇÃO]:[VALOR]],3,FALSE),"0") -> 0 | F26: =E26*C26 -> 0
B27: =IFERROR(VLOOKUP(A27,'Tabela de preços'!A:B,2,FALSE),"") | D27: =IFERROR(VLOOKUP(A27,'Tabela de preços'!A:C,3,FALSE),"") | E27: =IFERROR(VLOOKUP(B27,Tabela_preços[[DESCRIÇÃO]:[VALOR]],3,FALSE),"0") -> 0 | F27: =E27*C27 -> 0
B28: =IFERROR(VLOOKUP(A28,'Tabela de preços'!A:B,2,FALSE),"") | D28: =IFERROR(VLOOKUP(A28,'Tabela de preços'!A:C,3,FALSE),"") | E28: =IFERROR(VLOOKUP(B28,Tabela_preços[[DESCRIÇÃO]:[VALOR]],3,FALSE),"0") -> 0 | F28: =E28*C28 -> 0
B29: =IFERROR(VLOOKUP(A29,'Tabela de preços'!A:B,2,FALSE),"") | D29: =IFERROR(VLOOKUP(A29,'Tabela de preços'!A:C,3,FALSE),"") | E29: =IFERROR(VLOOKUP(B29,Tabela_preços[[DESCRIÇÃO]:[VALOR]],3,FALSE),"0") -> 0 | F29: =E29*C29 -> 0
B30: =IFERROR(VLOOKUP(A30,'Tabela de preços'!A:B,2,FALSE),"") | D30: =IFERROR(VLOOKUP(A30,'Tabela de preços'!A:C,3,FALSE),"") | E30: =IFERROR(VLOOKUP(B30,Tabela_preços[[DESCRIÇÃO]:[VALOR]],3,FALSE),"0") -> 0 | F30: =E30*C30 -> 0
B31: =IFERROR(VLOOKUP(A31,'Tabela de preços'!A:B,2,FALSE),"") | D31: =IFERROR(VLOOKUP(A31,'Tabela de preços'!A:C,3,FALSE),"") | E31: =IFERROR(VLOOKUP(B31,Tabela_preços[[DESCRIÇÃO]:[VALOR]],3,FALSE),"0") -> 0 | F31: =E31*C31 -> 0
B32: =IFERROR(VLOOKUP(A32,'Tabela de preços'!A:B,2,FALSE),"") | D32: =IFERROR(VLOOKUP(A32,'Tabela de preços'!A:C,3,FALSE),"") | E32: =IFERROR(VLOOKUP(B32,Tabela_preços[[DESCRIÇÃO]:[VALOR]],3,FALSE),"0") -> 0 | F32: =E32*C32 -> 0
B33: =IFERROR(VLOOKUP(A33,'Tabela de preços'!A:B,2,FALSE),"") | D33: =IFERROR(VLOOKUP(A33,'Tabela de preços'!A:C,3,FALSE),"") | E33: =IFERROR(VLOOKUP(B33,Tabela_preços[[DESCRIÇÃO]:[VALOR]],3,FALSE),"0") -> 0 | F33: =E33*C33 -> 0
A35: LISTA DE INSUMOS DE OBRA | C35: QUANT | D35: UNID MEDIDA | E35: CUSTO | F35: CUSTO TOTAL
B36: =IFERROR(VLOOKUP(A36,'Tabela de preços'!A:B,2,FALSE),"") | D36: =IFERROR(VLOOKUP(A36,'Tabela de preços'!A:C,3,FALSE),"") | E36: =IFERROR(VLOOKUP(B36,Tabela_preços[[DESCRIÇÃO]:[VALOR]],3,FALSE),"0") -> 0 | F36: =E36*C36 -> 0
B37: =IFERROR(VLOOKUP(A37,'Tabela de preços'!A:B,2,FALSE),"") | D37: =IFERROR(VLOOKUP(A37,'Tabela de preços'!A:C,3,FALSE),"") | E37: =IFERROR(VLOOKUP(B37,Tabela_preços[[DESCRIÇÃO]:[VALOR]],3,FALSE),"0") -> 0 | F37: =E37*C37 -> 0
B38: =IFERROR(VLOOKUP(A38,'Tabela de preços'!A:B,2,FALSE),"") | D38: =IFERROR(VLOOKUP(A38,'Tabela de preços'!A:C,3,FALSE),"") | E38: =IFERROR(VLOOKUP(B38,Tabela_preços[[DESCRIÇÃO]:[VALOR]],3,FALSE),"0") -> 0 | F38: =E38*C38 -> 0
B39: =IFERROR(VLOOKUP(A39,'Tabela de preços'!A:B,2,FALSE),"") | D39: =IFERROR(VLOOKUP(A39,'Tabela de preços'!A:C,3,FALSE),"") | E39: =IFERROR(VLOOKUP(B39,Tabela_preços[[DESCRIÇÃO]:[VALOR]],3,FALSE),"0") -> 0 | F39: =E39*C39 -> 0
B40: =IFERROR(VLOOKUP(A40,'Tabela de preços'!A:B,2,FALSE),"") | D40: =IFERROR(VLOOKUP(A40,'Tabela de preços'!A:C,3,FALSE),"") | E40: =IFERROR(VLOOKUP(B40,Tabela_preços[[DESCRIÇÃO]:[VALOR]],3,FALSE),"0") -> 0 | F40: =E40*C40 -> 0
B41: =IFERROR(VLOOKUP(A41,'Tabela de preços'!A:B,2,FALSE),"") | D41: =IFERROR(VLOOKUP(A41,'Tabela de preços'!A:C,3,FALSE),"") | E41: =IFERROR(VLOOKUP(B41,Tabela_preços[[DESCRIÇÃO]:[VALOR]],3,FALSE),"0") -> 0 | F41: =E41*C41 -> 0
E43: TOTAL | F43: =SUM(F5:F37) -> 0

Sheet Grade Geris WC
A1: GRADE PORTAS BY PARKET - PORTA PIVO CIR WC WC LAM. CARVALHO EUROPEU
A3: LISTA DE FERRAGENS E INSUMOS
A5: FERRAGENS | B5: DESCRIÇÃO | H5: QUANT | I5: UNID MEDIDA | J5: CUSTO | K5: CUSTO TOTAL
A7: PKT100231IN | B7: =VLOOKUP(A7,'Tabela de preços'!A:B,2,FALSE) -> PIVOT HEAVY H143 (300KG) AÇO ESCOVADO | H7: 1 | I7: =IFERROR(VLOOKUP(A7,'Tabela de preços'!A:C,3,FALSE),"") -> UNID | J7: =VLOOKUP(B7,Tabela_preços[[DESCRIÇÃO]:[VALOR]],3,FALSE) -> 99.99 | K7: =J7*H7 -> 99.99
A8: PKT100050IN | B8: =VLOOKUP(A8,'Tabela de preços'!A:B,2,FALSE) -> VEDA FRESTAS 04 X 09MM MARROM CLARO C/ 06 MT | H8: 1 | I8: =IFERROR(VLOOKUP(A8,'Tabela de preços'!A:C,3,FALSE),"") -> UNID | J8: =VLOOKUP(B8,Tabela_preços[[DESCRIÇÃO]:[VALOR]],3,FALSE) -> 17.512 | K8: =J8*H8 -> 17.512
A9: PKT100070IN | B9: =VLOOKUP(A9,'Tabela de preços'!A:B,2,FALSE) -> IMÃ 22X10 N.42 | H9: 4 | I9: =IFERROR(VLOOKUP(A9,'Tabela de preços'!A:C,3,FALSE),"") -> UNID | J9: =VLOOKUP(B9,Tabela_preços[[DESCRIÇÃO]:[VALOR]],3,FALSE) -> 17.85 | K9: =J9*H9 -> 71.4
A10: PKT100511IN | B10: =VLOOKUP(A10,'Tabela de preços'!A:B,2,FALSE) -> PIVÔ CIR 80KG - ECLISSE | H10: 1 | I10: =IFERROR(VLOOKUP(A10,'Tabela de preços'!A:C,3,FALSE),"") -> UNID | J10: =VLOOKUP(B10,Tabela_preços[[DESCRIÇÃO]:[VALOR]],3,FALSE) -> 463.025 | K10: =J10*H10 -> 463.025
A11: PKT100506IN | B11: =VLOOKUP(A11,'Tabela de preços'!A:B,2,FALSE) -> ADAPTADOR P/WC ZMK NIQ 911.03.885 | H11: 1 | I11: =IFERROR(VLOOKUP(A11,'Tabela de preços'!A:C,3,FALSE),"") -> UNID | J11: =VLOOKUP(B11,Tabela_preços[[DESCRIÇÃO]:[VALOR]],3,FALSE) -> 19.12 | K11: =J11*H11 -> 19.12
A12: PKT100505IN | B12: =VLOOKUP(A12,'Tabela de preços'!A:B,2,FALSE) -> FECHADURA AUX LINGUETA RETA INOX FOSCO 911.22.490 | H12: 1 | I12: =IFERROR(VLOOKUP(A12,'Tabela de preços'!A:C,3,FALSE),"") -> UNID | J12: =VLOOKUP(B12,Tabela_preços[[DESCRIÇÃO]:[VALOR]],3,FALSE) -> 105.204 | K12: =J12*H12 -> 105.204 | M12: RONALD | O12: COLOCAR CODIGO PARA O ESTOQUE. (OBS: EM TUDO QUE VOCE TIVER)
A14: MATÉRIA PRIMA | H14: QUANT | I14: UNID MEDIDA | J14: CUSTO | K14: CUSTO TOTAL
A15: PKT100520IN | B15: =VLOOKUP(A15,'Tabela de preços'!A:B,2,FALSE) -> COMPENSADO NAVAL 10MM (10X1200X3000) | C15: =VLOOKUP(B15,'Tabela de preços'!B:C,2,FALSE) -> UNID | D15: =VLOOKUP(C15,'Tabela de preços'!C:D,2,FALSE) -> 318.74 | E15: =VLOOKUP(D15,'Tabela de preços'!D:E,2,FALSE) -> 0 | F15: =VLOOKUP(E15,'Tabela de preços'!E:F,2,FALSE) -> #N/A | G15: =VLOOKUP(F15,'Tabela de preços'!F:G,2,FALSE) -> #N/A | H15: 2 | I15: =IFERROR(VLOOKUP(A15,'Tabela de preços'!A:C,3,FALSE),"") -> UNID | J15: =VLOOKUP(B15,Tabela_preços[[DESCRIÇÃO]:[VALOR]],3,FALSE) -> 185 | K15: =J15*H15 -> 370
A16: 865 | B16: =VLOOKUP(A16,'Tabela de preços'!A:B,2,FALSE) -> LAMINA NATURAL CARVALHO EUROPEU | C16: =VLOOKUP(B16,'Tabela de preços'!B:C,2,FALSE) -> M² | D16: =VLOOKUP(C16,'Tabela de preços'!C:D,2,FALSE) -> 65 | E16: =VLOOKUP(D16,'Tabela de preços'!D:E,2,FALSE) -> 0 | F16: =VLOOKUP(E16,'Tabela de preços'!E:F,2,FALSE) -> #N/A | G16: =VLOOKUP(F16,'Tabela de preços'!F:G,2,FALSE) -> #N/A | H16: 20 | I16: =IFERROR(VLOOKUP(A16,'Tabela de preços'!A:C,3,FALSE),"") -> M² | J16: =VLOOKUP(B16,Tabela_preços[[DESCRIÇÃO]:[VALOR]],3,FALSE) -> 65 | K16: =J16*H16 -> 1300 | M16: ALISSON | O16: FAZER OUTRAR OPÇÕES COM OUTRAS LAM.S - CUMARU, TAUARI, FREIJÓ SUCUPIRA, NOGUEIRA
A17: PKT400351P | B17: =VLOOKUP(A17,'Tabela de preços'!A:B,2,FALSE) -> MADEIRA MACIÇA TAUARI (0.02X0.20X3.00) | C17: =VLOOKUP(B17,'Tabela de preços'!B:C,2,FALSE) -> M³ | D17: =VLOOKUP(C17,'Tabela de preços'!C:D,2,FALSE) -> 2900 | E17: =VLOOKUP(D17,'Tabela de preços'!D:E,2,FALSE) -> 0 | F17: =VLOOKUP(E17,'Tabela de preços'!E:F,2,FALSE) -> #N/A | G17: =VLOOKUP(F17,'Tabela de preços'!F:G,2,FALSE) -> #N/A | H17: 0.1 | I17: =IFERROR(VLOOKUP(A17,'Tabela de preços'!A:C,3,FALSE),"") -> M³ | J17: =VLOOKUP(B17,Tabela_preços[[DESCRIÇÃO]:[VALOR]],3,FALSE) -> 2900 | K17: =J17*H17 -> 290 | M17: ALISSON | O17: CRIAR CODIGO SIMPLES JUNTO AO RONALD - (EXEMPLO - PORTA CIR / PORTA CIR/PORTA D150/PORTA RO82TOP / PORTA DOBRA INVI / PORTA CAMARAO/
A18: PKT400352P | B18: =VLOOKUP(A18,'Tabela de preços'!A:B,2,FALSE) -> MADEIRA MACIÇA TAUARI (0.02X0.20X1.00) | C18: =VLOOKUP(B18,'Tabela de preços'!B:C,2,FALSE) -> M³ | D18: =VLOOKUP(C18,'Tabela de preços'!C:D,2,FALSE) -> 2900 | E18: =VLOOKUP(D18,'Tabela de preços'!D:E,2,FALSE) -> 0 | F18: =VLOOKUP(E18,'Tabela de preços'!E:F,2,FALSE) -> #N/A | G18: =VLOOKUP(F18,'Tabela de preços'!F:G,2,FALSE) -> #N/A | H18: 0.1 | I18: =IFERROR(VLOOKUP(A18,'Tabela de preços'!A:C,3,FALSE),"") -> M³ | J18: =VLOOKUP(B18,Tabela_preços[[DESCRIÇÃO]:[VALOR]],3,FALSE) -> 2900 | K18: =J18*H18 -> 290
A19: PKT100066IN | B19: =VLOOKUP(A19,'Tabela de preços'!A:B,2,FALSE) -> COLA TITE BOND 1KG | C19: =VLOOKUP(B19,'Tabela de preços'!B:C,2,FALSE) -> UNID | D19: =VLOOKUP(C19,'Tabela de preços'!C:D,2,FALSE) -> 318.74 | E19: =VLOOKUP(D19,'Tabela de preços'!D:E,2,FALSE) -> 0 | F19: =VLOOKUP(E19,'Tabela de preços'!E:F,2,FALSE) -> #N/A | G19: =VLOOKUP(F19,'Tabela de preços'!F:G,2,FALSE) -> #N/A | H19: 2 | I19: =IFERROR(VLOOKUP(A19,'Tabela de preços'!A:C,3,FALSE),"") -> UNID | J19: =VLOOKUP(B19,Tabela_preços[[DESCRIÇÃO]:[VALOR]],3,FALSE) -> 46.15 | K19: =J19*H19 -> 92.3
A20: PKT100487IN | B20: =VLOOKUP(A20,'Tabela de preços'!A:B,2,FALSE) -> BARRA TUBO 20 X 30 X 6,00 CH PRETO | C20: =VLOOKUP(B20,'Tabela de preços'!B:C,2,FALSE) -> BARRA | D20: =VLOOKUP(C20,'Tabela de preços'!C:D,2,FALSE) -> 452 | E20: =VLOOKUP(D20,'Tabela de preços'!D:E,2,FALSE) -> 0 | F20: =VLOOKUP(E20,'Tabela de preços'!E:F,2,FALSE) -> #N/A | G20: =VLOOKUP(F20,'Tabela de preços'!F:G,2,FALSE) -> #N/A | H20: 3 | I20: =IFERROR(VLOOKUP(A20,'Tabela de preços'!A:C,3,FALSE),"") -> BARRA | J20: =VLOOKUP(B20,Tabela_preços[[DESCRIÇÃO]:[VALOR]],3,FALSE) -> 58.65 | K20: =J20*H20 -> 175.95
A21: PKT100064IN | B21: =VLOOKUP(A21,'Tabela de preços'!A:B,2,FALSE) -> FUNDO ACABAMENTO BRILHO 0 MILESSI | C21: =VLOOKUP(B21,'Tabela de preços'!B:C,2,FALSE) -> LT | D21: =VLOOKUP(C21,'Tabela de preços'!C:D,2,FALSE) -> 87.7068 | E21: =VLOOKUP(D21,'Tabela de preços'!D:E,2,FALSE) -> 25 LT | F21: =VLOOKUP(E21,'Tabela de preços'!E:F,2,FALSE) -> 0 | G21: =VLOOKUP(F21,'Tabela de preços'!F:G,2,FALSE) -> #N/A | H21: 1.5 | I21: =IFERROR(VLOOKUP(A21,'Tabela de preços'!A:C,3,FALSE),"") -> LT | J21: =VLOOKUP(B21,Tabela_preços[[DESCRIÇÃO]:[VALOR]],3,FALSE) -> 87.7068 | K21: =J21*H21 -> 131.5602
A22: PKT100039IN | B22: =VLOOKUP(A22,'Tabela de preços'!A:B,2,FALSE) -> COLA PUR TEKBOND 500G | C22: =VLOOKUP(B22,'Tabela de preços'!B:C,2,FALSE) -> UNID | D22: =VLOOKUP(C22,'Tabela de preços'!C:D,2,FALSE) -> 318.74 | E22: =VLOOKUP(D22,'Tabela de preços'!D:E,2,FALSE) -> 0 | F22: =VLOOKUP(E22,'Tabela de preços'!E:F,2,FALSE) -> #N/A | G22: =VLOOKUP(F22,'Tabela de preços'!F:G,2,FALSE) -> #N/A | H22: 1 | I22: =IFERROR(VLOOKUP(A22,'Tabela de preços'!A:C,3,FALSE),"") -> UNID | J22: =VLOOKUP(B22,Tabela_preços[[DESCRIÇÃO]:[VALOR]],3,FALSE) -> 33.64 | K22: =J22*H22 -> 33.64
A23: PKT100033IN | B23: =VLOOKUP(A23,'Tabela de preços'!A:B,2,FALSE) -> COLA DE CONTATO 2,8KG | C23: =VLOOKUP(B23,'Tabela de preços'!B:C,2,FALSE) -> UNID | D23: =VLOOKUP(C23,'Tabela de preços'!C:D,2,FALSE) -> 318.74 | E23: =VLOOKUP(D23,'Tabela de preços'!D:E,2,FALSE) -> 0 | F23: =VLOOKUP(E23,'Tabela de preços'!E:F,2,FALSE) -> #N/A | G23: =VLOOKUP(F23,'Tabela de preços'!F:G,2,FALSE) -> #N/A | H23: 1 | I23: =IFERROR(VLOOKUP(A23,'Tabela de preços'!A:C,3,FALSE),"") -> UNID | J23: =VLOOKUP(B23,Tabela_preços[[DESCRIÇÃO]:[VALOR]],3,FALSE) -> 99 | K23: =J23*H23 -> 99
A24: PKT100504IN | B24: =VLOOKUP(A24,'Tabela de preços'!A:B,2,FALSE) -> GRAMPO TIPO ''U'' 80x12MM | C24: =VLOOKUP(B24,'Tabela de preços'!B:C,2,FALSE) -> CT | D24: =VLOOKUP(C24,'Tabela de preços'!C:D,2,FALSE) -> 18 | E24: =VLOOKUP(D24,'Tabela de preços'!D:E,2,FALSE) -> 1000 Unid | F24: =VLOOKUP(E24,'Tabela de preços'!E:F,2,FALSE) -> 0 | G24: =VLOOKUP(F24,'Tabela de preços'!F:G,2,FALSE) -> #N/A | H24: 1 | I24: =IFERROR(VLOOKUP(A24,'Tabela de preços'!A:C,3,FALSE),"") -> CT | J24: =VLOOKUP(B24,Tabela_preços[[DESCRIÇÃO]:[VALOR]],3,FALSE) -> 2 | K24: =J24*H24 -> 2
A25: PKT100218IN | B25: =VLOOKUP(A25,'Tabela de preços'!A:B,2,FALSE) -> PINO F30 P/ PINADOR PNEUMATICO | C25: =VLOOKUP(B25,'Tabela de preços'!B:C,2,FALSE) -> CT | D25: =VLOOKUP(C25,'Tabela de preços'!C:D,2,FALSE) -> 18 | E25: =VLOOKUP(D25,'Tabela de preços'!D:E,2,FALSE) -> 1000 Unid | F25: =VLOOKUP(E25,'Tabela de preços'!E:F,2,FALSE) -> 0 | G25: =VLOOKUP(F25,'Tabela de preços'!F:G,2,FALSE) -> #N/A | H25: 1 | I25: =IFERROR(VLOOKUP(A25,'Tabela de preços'!A:C,3,FALSE),"") -> CT | J25: =VLOOKUP(B25,Tabela_preços[[DESCRIÇÃO]:[VALOR]],3,FALSE) -> 0.452 | K25: =J25*H25 -> 0.452
A27: LISTA DE INSUMOS DE OBRA | H27: QUANT | I27: UNID MEDIDA | J27: CUSTO | K27: CUSTO TOTAL
A28: PKT100521IN | B28: =VLOOKUP(A28,'Tabela de preços'!A:B,2,FALSE) -> PARAFUSO BICROMATIZADO PHILIPS 6.0X80MM | C28: =VLOOKUP(B28,'Tabela de preços'!B:C,2,FALSE) -> CT | D28: =VLOOKUP(C28,'Tabela de preços'!C:D,2,FALSE) -> 18 | E28: =VLOOKUP(D28,'Tabela de preços'!D:E,2,FALSE) -> 1000 Unid | F28: =VLOOKUP(E28,'Tabela de preços'!E:F,2,FALSE) -> 0 | G28: =VLOOKUP(F28,'Tabela de preços'!F:G,2,FALSE) -> #N/A | H28: 1 | I28: =IFERROR(VLOOKUP(A28,'Tabela de preços'!A:C,3,FALSE),"") -> CT | J28: =VLOOKUP(B28,Tabela_preços[[DESCRIÇÃO]:[VALOR]],3,FALSE) -> 28 | K28: =J28*H28 -> 28
A29: PKT100024IN | B29: =VLOOKUP(A29,'Tabela de preços'!A:B,2,FALSE) -> BUCHA 08MM | C29: =VLOOKUP(B29,'Tabela de preços'!B:C,2,FALSE) -> CT | D29: =VLOOKUP(C29,'Tabela de preços'!C:D,2,FALSE) -> 18 | E29: =VLOOKUP(D29,'Tabela de preços'!D:E,2,FALSE) -> 1000 Unid | F29: =VLOOKUP(E29,'Tabela de preços'!E:F,2,FALSE) -> 0 | G29: =VLOOKUP(F29,'Tabela de preços'!F:G,2,FALSE) -> #N/A | H29: 1 | I29: =IFERROR(VLOOKUP(A29,'Tabela de preços'!A:C,3,FALSE),"") -> CT | J29: =VLOOKUP(B29,Tabela_preços[[DESCRIÇÃO]:[VALOR]],3,FALSE) -> 18 | K29: =J29*H29 -> 18
J31: TOTAL | K31: =SUM(K6:K29) -> 3607.1532

Sheet Grade Geris Interno
B2: GRADE PORTAS BY PARKET
B4: LISTA DE FERRAGENS E INSUMOS
B6: FERRAGENS | H6: QNT. | I6: UNID MED | J6: CUSTO | K6: CUSTO TOTAL
A7: PKT100231IN | B7: PIVOT HEAVY H143 (300KG) AÇO ESCOVADO | H7: 1 | I7: UNID | J7: =VLOOKUP(B7,Tabela_preços[[DESCRIÇÃO]:[VALOR]],3,FALSE) -> 99.99 | K7: =J7*H7 -> 99.99
A8: PKT100050IN | B8: VEDA FRESTAS 04 X 09MM MARROM CLARO C/ 06 MT | H8: 1 | I8: UNID | J8: =VLOOKUP(B8,Tabela_preços[[DESCRIÇÃO]:[VALOR]],3,FALSE) -> 17.512 | K8: =J8*H8 -> 17.512
A9: PKT100070IN | B9: IMÃ 22X10 N.42 | H9: 4 | I9: UNID | J9: =VLOOKUP(B9,Tabela_preços[[DESCRIÇÃO]:[VALOR]],3,FALSE) -> 17.85 | K9: =J9*H9 -> 71.4
A10: PKT100522IN | B10: PERFIL DE ALUMINIO 1/2 - 02 METROS - 10MM INTERNO | H10: 2 | I10: UNID | J10: =VLOOKUP(B10,Tabela_preços[[DESCRIÇÃO]:[VALOR]],3,FALSE) -> 13.6 | K10: =J10*H10 -> 27.2
A11: PKT100519IN | B11: ADAPTADOR INTERNO, PARA FECHADURAS COD 911.03.886 | H11: 1 | I11: UNID | J11: =VLOOKUP(B11,Tabela_preços[[DESCRIÇÃO]:[VALOR]],3,FALSE) -> 33.26 | K11: =J11*H11 -> 33.26
A12: PKT100505IN | B12: FECHADURA AUX LINGUETA RETA INOX FOSCO 911.22.490 | H12: 1 | I12: UNID | J12: =VLOOKUP(B12,Tabela_preços[[DESCRIÇÃO]:[VALOR]],3,FALSE) -> 105.204 | K12: =J12*H12 -> 105.204
B15: MATÉRIA PRIMA | H15: QNT. | I15: UNID MED | J15: CUSTO | K15: CUSTO TOTAL
A16: PKT100520IN | B16: COMPENSADO NAVAL 10MM (10X1200X3000) | H16: 2 | I16: UNID | J16: =VLOOKUP(B16,Tabela_preços[[DESCRIÇÃO]:[VALOR]],3,FALSE) -> 185 | K16: =J16*H16 -> 370
A17: 865 | B17: LAMINA NATURAL CARVALHO EUROPEU | H17: 17 | I17: M² | J17: =VLOOKUP(B17,Tabela_preços[[DESCRIÇÃO]:[VALOR]],3,FALSE) -> 65 | K17: =J17*H17 -> 1105
A18: PKT400351P | B18: MADEIRA MACIÇA TAUARI (0.02X0.20X3.00) | H18: 0.1 | I18: M³ | J18: =VLOOKUP(B18,Tabela_preços[[DESCRIÇÃO]:[VALOR]],3,FALSE) -> 2900 | K18: =J18*H18 -> 290
A19: PKT400352P | B19: MADEIRA MACIÇA TAUARI (0.02X0.20X1.00) | H19: 0.1 | I19: UNID | J19: =VLOOKUP(B19,Tabela_preços[[DESCRIÇÃO]:[VALOR]],3,FALSE) -> 2900 | K19: =J19*H19 -> 290
A20: PKT100066IN | B20: COLA TITE BOND 1KG | H20: 2 | I20: UNID | J20: =VLOOKUP(B20,Tabela_preços[[DESCRIÇÃO]:[VALOR]],3,FALSE) -> 46.15 | K20: =J20*H20 -> 92.3
A21: PKT100487IN | B21: BARRA TUBO 20 X 30 X 6,00 CH PRETO | H21: 3 | I21: BARRA | J21: =VLOOKUP(B21,Tabela_preços[[DESCRIÇÃO]:[VALOR]],3,FALSE) -> 58.65 | K21: =J21*H21 -> 175.95
A22: PKT100064IN | B22: FUNDO ACABAMENTO BRILHO 0 MILESSI | H22: 1.5 | I22: UNID | J22: =VLOOKUP(B22,Tabela_preços[[DESCRIÇÃO]:[VALOR]],3,FALSE) -> 87.7068 | K22: =J22*H22 -> 131.5602
A23: PKT100039IN | B23: COLA PUR TEKBOND 500G | H23: 2 | I23: UNID | J23: =VLOOKUP(B23,Tabela_preços[[DESCRIÇÃO]:[VALOR]],3,FALSE) -> 33.64 | K23: =J23*H23 -> 67.28
A24: PKT100033IN | B24: COLA DE CONTATO 2,8KG | H24: 1 | I24: UNID | J24: =VLOOKUP(B24,Tabela_preços[[DESCRIÇÃO]:[VALOR]],3,FALSE) -> 99 | K24: =J24*H24 -> 99
A25: PKT100504IN | B25: GRAMPO TIPO ''U'' 80x12MM | H25: 1 | I25: CT | J25: =VLOOKUP(B25,Tabela_preços[[DESCRIÇÃO]:[VALOR]],3,FALSE) -> 2 | K25: =J25*H25 -> 2
A26: PKT100218IN | B26: PINO F30 P/ PINADOR PNEUMATICO | H26: 1 | I26: CT | J26: =VLOOKUP(B26,Tabela_preços[[DESCRIÇÃO]:[VALOR]],3,FALSE) -> 0.452 | K26: =J26*H26 -> 0.452
B28: LISTA DE INSUMOS OBRA | H28: QNT. | I28: UNID MED | J28: CUSTO | K28: CUSTO TOTAL
A29: PKT100521IN | B29: PARAFUSO BICROMATIZADO PHILIPS 6.0X80MM | H29: 0.2 | I29: CT | J29: =VLOOKUP(B29,Tabela_preços[[DESCRIÇÃO]:[VALOR]],3,FALSE) -> 28 | K29: =J29*H29 -> 5.6
A30: PKT100024IN | B30: BUCHA 08MM | H30: 0.2 | I30: CT | J30: =VLOOKUP(B30,Tabela_preços[[DESCRIÇÃO]:[VALOR]],3,FALSE) -> 18 | K30: =J30*H30 -> 3.6
J32: TOTAL | K32: =SUM(K6:K30) -> 2987.3082

Sheet Grade Geris Externo
B2: GRADE PORTAS BY PARKET
B4: LISTA DE FERRAGENS E INSUMOS
B6: FERRAGENS | H6: QNT. | I6: UNID MED | J6: CUSTO | K6: CUSTO TOTAL
A7: PKT100231IN | B7: PIVOT HEAVY H143 (300KG) AÇO ESCOVADO | H7: 1 | I7: UNID | J7: =VLOOKUP(B7,Tabela_preços[[DESCRIÇÃO]:[VALOR]],3,FALSE) -> 99.99 | K7: =J7*H7 -> 99.99
A8: PKT100050IN | B8: VEDA FRESTAS 04 X 09MM MARROM CLARO C/ 06 MT | H8: 1 | I8: UNID | J8: =VLOOKUP(B8,Tabela_preços[[DESCRIÇÃO]:[VALOR]],3,FALSE) -> 17.512 | K8: =J8*H8 -> 17.512
A9: PKT100070IN | B9: IMÃ 22X10 N.42 | H9: 4 | I9: UNID | J9: =VLOOKUP(B9,Tabela_preços[[DESCRIÇÃO]:[VALOR]],3,FALSE) -> 17.85 | K9: =J9*H9 -> 71.4
A10: PKT100528IN | B10: PERFIL DE ALUMINIO 1/2 - 02 METROS - 10MM INTERNO | H10: 1 | I10: UNID | J10: =VLOOKUP(B10,Tabela_preços[[DESCRIÇÃO]:[VALOR]],3,FALSE) -> 13.6 | K10: =J10*H10 -> 13.6
A11: PKT100522IN | B11: COLA OBLONGO ACABAMENTO CHAVE 27,5x13mm | H11: 2 | I11: UNID | J11: =VLOOKUP(B11,Tabela_preços[[DESCRIÇÃO]:[VALOR]],3,FALSE) -> 25 | K11: =J11*H11 -> 50
B13: MATÉRIA PRIMA | H13: QNT. | I13: UNID MED | J13: CUSTO | K13: CUSTO TOTAL
A14: PKT100520IN | B14: COMPENSADO NAVAL 10MM (10X1200X3000) | H14: 2 | I14: UNID | J14: =VLOOKUP(B14,Tabela_preços[[DESCRIÇÃO]:[VALOR]],3,FALSE) -> 185 | K14: =J14*H14 -> 370
A15: 865 | B15: LAMINA NATURAL CARVALHO EUROPEU | H15: 20 | I15: UNID | J15: =VLOOKUP(B15,Tabela_preços[[DESCRIÇÃO]:[VALOR]],3,FALSE) -> 65 | K15: =J15*H15 -> 1300
A16: PKT400351P | B16: MADEIRA MACIÇA TAUARI (0.02X0.20X3.00) | H16: 0.1 | I16: M² | J16: =VLOOKUP(B16,Tabela_preços[[DESCRIÇÃO]:[VALOR]],3,FALSE) -> 2900 | K16: =J16*H16 -> 290
A17: PKT400352P | B17: MADEIRA MACIÇA TAUARI (0.02X0.20X1.00) | H17: 0.1 | I17: M³ | J17: =VLOOKUP(B17,Tabela_preços[[DESCRIÇÃO]:[VALOR]],3,FALSE) -> 2900 | K17: =J17*H17 -> 290
A18: PKT100066IN | B18: COLA TITE BOND 1KG | H18: 2 | I18: UNID | J18: =VLOOKUP(B18,Tabela_preços[[DESCRIÇÃO]:[VALOR]],3,FALSE) -> 46.15 | K18: =J18*H18 -> 92.3
A19: PKT100487IN | B19: BARRA TUBO 20 X 30 X 6,00 CH PRETO | H19: 3 | I19: UNID | J19: =VLOOKUP(B19,Tabela_preços[[DESCRIÇÃO]:[VALOR]],3,FALSE) -> 58.65 | K19: =J19*H19 -> 175.95
A20: PKT100064IN | B20: FUNDO ACABAMENTO BRILHO 0 MILESSI | H20: 1.5 | I20: M² | J20: =VLOOKUP(B20,Tabela_preços[[DESCRIÇÃO]:[VALOR]],3,FALSE) -> 87.7068 | K20: =J20*H20 -> 131.5602
A21: PKT100039IN | B21: COLA PUR TEKBOND 500G | H21: 1 | I21: UNID | J21: =VLOOKUP(B21,Tabela_preços[[DESCRIÇÃO]:[VALOR]],3,FALSE) -> 33.64 | K21: =J21*H21 -> 33.64
A22: PKT100033IN | B22: COLA DE CONTATO 2,8KG | H22: 2 | I22: UNID | J22: =VLOOKUP(B22,Tabela_preços[[DESCRIÇÃO]:[VALOR]],3,FALSE) -> 99 | K22: =J22*H22 -> 198
A23: PKT100504IN | B23: GRAMPO TIPO ''U'' 80x12MM | H23: 100 | I23: CT | J23: =VLOOKUP(B23,Tabela_preços[[DESCRIÇÃO]:[VALOR]],3,FALSE) -> 2 | K23: =J23*H23 -> 200
A24: PKT100218IN | B24: PINO F30 P/ PINADOR PNEUMATICO | H24: 100 | I24: CT | J24: =VLOOKUP(B24,Tabela_preços[[DESCRIÇÃO]:[VALOR]],3,FALSE) -> 0.452 | K24: =J24*H24 -> 45.2
B26: LISTA DE INSUMOS OBRA | H26: QNT. | I26: UNID MED | J26: CUSTO | K26: CUSTO TOTAL
A27: PKT100521IN | B27: PARAFUSO BICROMATIZADO PHILIPS 6.0X80MM | H27: 0.2 | I27: CT | J27: =VLOOKUP(B27,Tabela_preços[[DESCRIÇÃO]:[VALOR]],3,FALSE) -> 28 | K27: =J27*H27 -> 5.6
A28: PKT100024IN | B28: BUCHA 08MM | H28: 0.2 | I28: CT | J28: =VLOOKUP(B28,Tabela_preços[[DESCRIÇÃO]:[VALOR]],3,FALSE) -> 18 | K28: =J28*H28 -> 3.6
J30: TOTAL | K30: =SUM(K5:K28) -> 3388.3522

Sheet Grade Correr DN150
A2: GRADE PORTAS BY PARKET
A4: LISTA DE FERRAGENS E INSUMOS
A6: CÓDIGO | B6: FERRAGENS | H6: QNT. | I6: UNID MED | J6: CUSTO | K6: CUSTO TOTAL
A7: PKT100292IN | B7: KIT DN150 COM AMORTECIMENTO PARA 01 PORTA - DUCASSE | H7: 1 | I7: UNID | J7: =VLOOKUP(B7,Tabela_preços[[DESCRIÇÃO]:[VALOR]],3,FALSE) -> 967.58 | K7: =J7*H7 -> 967.58
A8: PKT100425IN | B8: TRILHO U150 ANODIZADO PRATA 6MT- DUCASSE | H8: 1 | I8: UNID | J8: =VLOOKUP(B8,Tabela_preços[[DESCRIÇÃO]:[VALOR]],3,FALSE) -> 772.32 | K8: =J8*H8 -> 772.32
A9: PKT100518IN | B9: PUXADOR FRONTAL OBLONGO INOX 304 ESCOVADO | H9: 1 | I9: UNID | J9: =VLOOKUP(B9,Tabela_preços[[DESCRIÇÃO]:[VALOR]],3,FALSE) -> 110 | K9: =J9*H9 -> 110
A10: PKT100503IN | B10: PERFIL DE ALUMINIO 1/2 - 02 METROS - 10MM INTERNO | H10: 1 | I10: UNID | J10: =VLOOKUP(B10,Tabela_preços[[DESCRIÇÃO]:[VALOR]],3,FALSE) -> 13.6 | K10: =J10*H10 -> 13.6
A11: PKT100070IN | B11: IMÃ 22X10 N.42 | H11: 4 | I11: UNID | J11: =VLOOKUP(B11,Tabela_preços[[DESCRIÇÃO]:[VALOR]],3,FALSE) -> 17.85 | K11: =J11*H11 -> 71.4
A12: PKT100509IN | B12: FECHADURA AUX P.CORRER RETA INOX FOSCO 911.26.335 | H12: 1 | I12: UNID | J12: =VLOOKUP(B12,Tabela_preços[[DESCRIÇÃO]:[VALOR]],3,FALSE) -> 104.43 | K12: =J12*H12 -> 104.43
A13: PKT100511IN | B13: TRANQUETA GOTINHA AÇO INOX ESCOVADO | H13: 1 | I13: UNID | J13: =VLOOKUP(B13,Tabela_preços[[DESCRIÇÃO]:[VALOR]],3,FALSE) -> 293 | K13: =J13*H13 -> 293
B15: MATÉRIA PRIMA | J15: CUSTO | K15: CUSTO TOTAL
A16: PKT100520IN | B16: COMPENSADO NAVAL 10MM (10X1200X3000) | H16: 2 | I16: M² | J16: =VLOOKUP(B16,Tabela_preços[[DESCRIÇÃO]:[VALOR]],3,FALSE) -> 185 | K16: =J16*H16 -> 370
A17: 865 | B17: LAMINA NATURAL CARVALHO EUROPEU | H17: 17 | I17: M³ | J17: =VLOOKUP(B17,Tabela_preços[[DESCRIÇÃO]:[VALOR]],3,FALSE) -> 65 | K17: =J17*H17 -> 1105
A18: PKT400352P | B18: MADEIRA MACIÇA TAUARI (0.02X0.20X1.00) | H18: 0.1 | I18: UNID | J18: =VLOOKUP(B18,Tabela_preços[[DESCRIÇÃO]:[VALOR]],3,FALSE) -> 2900 | K18: =J18*H18 -> 290
A19: PKT400351P | B19: MADEIRA MACIÇA TAUARI (0.02X0.20X3.00) | H19: 0.1 | I19: UNID | J19: =VLOOKUP(B19,Tabela_preços[[DESCRIÇÃO]:[VALOR]],3,FALSE) -> 2900 | K19: =J19*H19 -> 290
A20: PKT100066IN | B20: COLA TITE BOND 1KG | H20: 2 | I20: M² | J20: =VLOOKUP(B21,Tabela_preços[[DESCRIÇÃO]:[VALOR]],3,FALSE) -> 58.65 | K20: =J20*H20 -> 117.3
A21: PKT100487IN | B21: BARRA TUBO 20 X 30 X 6,00 CH PRETO | H21: 3 | I21: UNID | J21: =VLOOKUP(B22,Tabela_preços[[DESCRIÇÃO]:[VALOR]],3,FALSE) -> 87.7068 | K21: =J21*H21 -> 263.1204
A22: PKT100064IN | B22: FUNDO ACABAMENTO BRILHO 0 MILESSI | H22: 1.5 | I22: UNID | J22: =VLOOKUP(B22,Tabela_preços[[DESCRIÇÃO]:[VALOR]],3,FALSE) -> 87.7068 | K22: =J22*H22 -> 131.5602
A23: PKT100039IN | B23: COLA PUR TEKBOND 500G | H23: 1 | I23: UNID | J23: =VLOOKUP(B23,Tabela_preços[[DESCRIÇÃO]:[VALOR]],3,FALSE) -> 33.64 | K23: =J23*H23 -> 33.64
A24: PKT100033IN | B24: COLA DE CONTATO 2,8KG | H24: 1 | I24: UNID | J24: =VLOOKUP(B24,Tabela_preços[[DESCRIÇÃO]:[VALOR]],3,FALSE) -> 99 | K24: =J24*H24 -> 99
A25: PKT100504IN | B25: GRAMPO TIPO ''U'' 80x12MM | H25: 1 | I25: CT | J25: =VLOOKUP(B25,Tabela_preços[[DESCRIÇÃO]:[VALOR]],3,FALSE) -> 2 | K25: =J25*H25 -> 2
A26: PKT100218IN | B26: PINO F30 P/ PINADOR PNEUMATICO | H26: 1 | I26: CT | J26: =VLOOKUP(B26,Tabela_preços[[DESCRIÇÃO]:[VALOR]],3,FALSE) -> 0.452 | K26: =J26*H26 -> 0.452
B28: LISTA DE INSUMOS OBRA | J28: CUSTO | K28: CUSTO TOTAL
A29: PKT100521IN | B29: PARAFUSO BICROMATIZADO PHILIPS 6.0X80MM | H29: 0.2 | I29: CT | J29: =VLOOKUP(B29,Tabela_preços[[DESCRIÇÃO]:[VALOR]],3,FALSE) -> 28 | K29: =J29*H29 -> 5.6
A30: PKT100024IN | B30: BUCHA 08MM | H30: 0.2 | I30: CT | J30: =VLOOKUP(B30,Tabela_preços[[DESCRIÇÃO]:[VALOR]],3,FALSE) -> 18 | K30: =J30*H30 -> 3.6
J32: TOTAL | K32: =SUM(K7:K30) -> 5043.6026

Sheet Grade CIR WC
B2: GRADE PORTAS BY PARKET
B4: LISTA DE FERRAGENS E INSUMOS
B6: FERRAGENS | H6: QNT. | I6: UNID MED | J6: CUSTO | K6: CUSTO TOTAL
A7: PKT100511IN | B7: PIVÔ CIR 80KG - ECLISSE | H7: 1 | I7: UNID | J7: =VLOOKUP(B7,Tabela_preços[[DESCRIÇÃO]:[VALOR]],3,FALSE) -> 463.025 | K7: =J7*H7 -> 463.025
A8: PKT100050IN | B8: VEDA FRESTAS 04 X 09MM MARROM CLARO C/ 06 MT | H8: 1 | I8: UNID | J8: =VLOOKUP(B8,Tabela_preços[[DESCRIÇÃO]:[VALOR]],3,FALSE) -> 17.512 | K8: =J8*H8 -> 17.512
A9: PKT100070IN | B9: IMÃ 22X10 N.42 | H9: 4 | I9: UNID | J9: =VLOOKUP(B9,Tabela_preços[[DESCRIÇÃO]:[VALOR]],3,FALSE) -> 17.85 | K9: =J9*H9 -> 71.4
A10: PKT100505IN | B10: PERFIL DE ALUMINIO 1/2 - 02 METROS - 10MM INTERNO | H10: 1 | I10: UNID | J10: =VLOOKUP(B10,Tabela_preços[[DESCRIÇÃO]:[VALOR]],3,FALSE) -> 13.6 | K10: =J10*H10 -> 13.6
A11: PKT100506IN | B11: ADAPTADOR P/WC ZMK NIQ 911.03.885 | H11: 1 | I11: UNID | J11: =VLOOKUP(B11,Tabela_preços[[DESCRIÇÃO]:[VALOR]],3,FALSE) -> 19.12 | K11: =J11*H11 -> 19.12
A12: PKT100511IN | B12: PUXADOR FRONTAL OBLONGO INOX 304 ESCOVADO | H12: 1 | I12: UNID | J12: =VLOOKUP(B12,Tabela_preços[[DESCRIÇÃO]:[VALOR]],3,FALSE) -> 110 | K12: =J12*H12 -> 110
B14: MATÉRIA PRIMA | J14: CUSTO | K14: CUSTO TOTAL
A15: PKT100520IN | B15: COMPENSADO NAVAL 10MM (10X1200X3000) | H15: 2 | I15: M² | J15: =VLOOKUP(B15,Tabela_preços[[DESCRIÇÃO]:[VALOR]],3,FALSE) -> 185 | K15: =J15*H15 -> 370
A16: 865 | B16: LAMINA NATURAL CARVALHO EUROPEU | H16: 17 | I16: M³ | J16: =VLOOKUP(B16,Tabela_preços[[DESCRIÇÃO]:[VALOR]],3,FALSE) -> 65 | K16: =J16*H16 -> 1105
A17: PKT400351P | B17: MADEIRA MACIÇA TAUARI (0.02X0.20X3.00) | H17: 0.1 | I17: M³ | J17: =VLOOKUP(B17,Tabela_preços[[DESCRIÇÃO]:[VALOR]],3,FALSE) -> 2900 | K17: =J17*H17 -> 290
A18: PKT100066IN | B18: COLA TITE BOND 1KG | H18: 2 | I18: M² | J18: =VLOOKUP(B18,Tabela_preços[[DESCRIÇÃO]:[VALOR]],3,FALSE) -> 46.15 | K18: =J18*H18 -> 92.3
A19: PKT100487IN | B19: BARRA TUBO 20 X 30 X 6,00 CH PRETO | H19: 3 | I19: UNID | J19: =VLOOKUP(B19,Tabela_preços[[DESCRIÇÃO]:[VALOR]],3,FALSE) -> 58.65 | K19: =J19*H19 -> 175.95
A20: PKT100064IN | B20: FUNDO ACABAMENTO BRILHO 0 MILESSI | H20: 1.5 | I20: LT | J20: =VLOOKUP(B20,Tabela_preços[[DESCRIÇÃO]:[VALOR]],3,FALSE) -> 87.7068 | K20: =J20*H20 -> 131.5602
A21: PKT100039IN | B21: COLA PUR TEKBOND 500G | H21: 2 | I21: UNID | J21: =VLOOKUP(B21,Tabela_preços[[DESCRIÇÃO]:[VALOR]],3,FALSE) -> 33.64 | K21: =J21*H21 -> 67.28
A22: PKT100033IN | B22: COLA DE CONTATO 2,8KG | H22: 1 | I22: UNID | J22: =VLOOKUP(B22,Tabela_preços[[DESCRIÇÃO]:[VALOR]],3,FALSE) -> 99 | K22: =J22*H22 -> 99
A23: PKT100504IN | B23: GRAMPO TIPO ''U'' 80x12MM | H23: 100 | I23: CT | J23: =VLOOKUP(B23,Tabela_preços[[DESCRIÇÃO]:[VALOR]],3,FALSE) -> 2 | K23: =J23*H23 -> 200
A24: PKT100218IN | B24: PINO F30 P/ PINADOR PNEUMATICO | H24: 1 | I24: CT | J24: =VLOOKUP(B24,Tabela_preços[[DESCRIÇÃO]:[VALOR]],3,FALSE) -> 0.452 | K24: =J24*H24 -> 0.452
B26: LISTA DE INSUMOS OBRA | J26: CUSTO | K26: CUSTO TOTAL
A27: PKT100521IN | B27: PARAFUSO BICROMATIZADO PHILIPS 6.0X80MM | H27: 0.2 | I27: CT | J27: =VLOOKUP(B27,Tabela_preços[[DESCRIÇÃO]:[VALOR]],3,FALSE) -> 28 | K27: =J27*H27 -> 5.6
A28: PKT100024IN | B28: BUCHA 08MM | H28: 0.2 | I28: CT | J28: =VLOOKUP(B28,Tabela_preços[[DESCRIÇÃO]:[VALOR]],3,FALSE) -> 18 | K28: =J28*H28 -> 3.6
J30: TOTAL | K30: =SUM(K6:K27) -> 3231.7992

Sheet Grade CIR Interno
B2: GRADE PORTAS BY PARKET
B4: LISTA DE FERRAGENS E INSUMOS
B6: FERRAGENS | H6: QNT. | I6: UNID MED | J6: CUSTO | K6: CUSTO TOTAL
A7: PKT100511IN | B7: PIVÔ CIR 80KG - ECLISSE | H7: 1 | I7: UNID | J7: =VLOOKUP(B7,Tabela_preços[[DESCRIÇÃO]:[VALOR]],3,FALSE) -> 463.025 | K7: =J7*H7 -> 463.025
A8: PKT100050IN | B8: VEDA FRESTAS 04 X 09MM MARROM CLARO C/ 06 MT | H8: 1 | I8: UNID | J8: =VLOOKUP(B8,Tabela_preços[[DESCRIÇÃO]:[VALOR]],3,FALSE) -> 17.512 | K8: =J8*H8 -> 17.512
A9: PKT100070IN | B9: IMÃ 22X10 N.42 | H9: 4 | I9: UNID | J9: =VLOOKUP(B9,Tabela_preços[[DESCRIÇÃO]:[VALOR]],3,FALSE) -> 17.85 | K9: =J9*H9 -> 71.4
A10: PKT100519IN | B10: ADAPTADOR INTERNO, PARA FECHADURAS COD 911.03.886 | H10: 1 | I10: UNID | J10: =VLOOKUP(B10,Tabela_preços[[DESCRIÇÃO]:[VALOR]],3,FALSE) -> 33.26 | K10: =J10*H10 -> 33.26
A11: PKT100505IN | B11: FECHADURA AUX LINGUETA RETA INOX FOSCO 911.22.490 | H11: 1 | I11: UNID | J11: =VLOOKUP(B11,Tabela_preços[[DESCRIÇÃO]:[VALOR]],3,FALSE) -> 105.204 | K11: =J11*H11 -> 105.204
A12: PKT100522IN | B12: COLA OBLONGO ACABAMENTO CHAVE 27,5x13mm | H12: 2 | I12: UNID | J12: =VLOOKUP(B12,Tabela_preços[[DESCRIÇÃO]:[VALOR]],3,FALSE) -> 25 | K12: =J12*H12 -> 50
B14: MATÉRIA PRIMA | H14: QNT. | I14: UNID MED | J14: CUSTO | K14: CUSTO TOTAL
A15: PKT100520IN | B15: COMPENSADO NAVAL 10MM (10X1200X3000) | H15: 0.1 | I15: UNID | J15: =VLOOKUP(B15,Tabela_preços[[DESCRIÇÃO]:[VALOR]],3,FALSE) -> 185 | K15: =J15*H15 -> 18.5
A16: 865 | B16: LAMINA NATURAL CARVALHO EUROPEU | H16: 17 | I16: M² | J16: =VLOOKUP(B16,Tabela_preços[[DESCRIÇÃO]:[VALOR]],3,FALSE) -> 65 | K16: =J16*H16 -> 1105
A17: PKT400352P | B17: MADEIRA MACIÇA TAUARI (0.02X0.20X1.00) | H17: 0.1 | I17: M³ | J17: =VLOOKUP(B17,Tabela_preços[[DESCRIÇÃO]:[VALOR]],3,FALSE) -> 2900 | K17: =J17*H17 -> 290
A18: PKT100066IN | B18: COLA TITE BOND 1KG | H18: 2 | I18: UNID | J18: =VLOOKUP(B18,Tabela_preços[[DESCRIÇÃO]:[VALOR]],3,FALSE) -> 46.15 | K18: =J18*H18 -> 92.3
A19: PKT100487IN | B19: BARRA TUBO 20 X 30 X 6,00 CH PRETO | H19: 3 | I19: BARRA | J19: =VLOOKUP(B19,Tabela_preços[[DESCRIÇÃO]:[VALOR]],3,FALSE) -> 58.65 | K19: =J19*H19 -> 175.95
A20: PKT100064IN | B20: FUNDO ACABAMENTO BRILHO 0 MILESSI | H20: 2 | I20: UNID | J20: =VLOOKUP(B20,Tabela_preços[[DESCRIÇÃO]:[VALOR]],3,FALSE) -> 87.7068 | K20: =J20*H20 -> 175.4136
A21: PKT100039IN | B21: COLA PUR TEKBOND 500G | H21: 1 | I21: UNID | J21: =VLOOKUP(B21,Tabela_preços[[DESCRIÇÃO]:[VALOR]],3,FALSE) -> 33.64 | K21: =J21*H21 -> 33.64
A22: PKT100033IN | B22: COLA DE CONTATO 2,8KG | H22: 1 | I22: CT | J22: =VLOOKUP(B22,Tabela_preços[[DESCRIÇÃO]:[VALOR]],3,FALSE) -> 99 | K22: =J22*H22 -> 99
A23: PKT100504IN | B23: GRAMPO TIPO ''U'' 80x12MM | H23: 1 | I23: CT | J23: =VLOOKUP(B23,Tabela_preços[[DESCRIÇÃO]:[VALOR]],3,FALSE) -> 2 | K23: =J23*H23 -> 2
A24: PKT100218IN | B24: PINO F30 P/ PINADOR PNEUMATICO | H24: 1 | I24: CT | J24: =VLOOKUP(B24,Tabela_preços[[DESCRIÇÃO]:[VALOR]],3,FALSE) -> 0.452 | K24: =J24*H24 -> 0.452
B26: LISTA DE INSUMOS OBRA | H26: QNT. | I26: UNID MED | J26: CUSTO | K26: CUSTO TOTAL
A27: PKT100521IN | B27: PARAFUSO BICROMATIZADO PHILIPS 6.0X80MM | H27: 0.2 | I27: CT | J27: =VLOOKUP(B27,Tabela_preços[[DESCRIÇÃO]:[VALOR]],3,FALSE) -> 28 | K27: =J27*H27 -> 5.6
A28: PKT100024IN | B28: BUCHA 08MM | H28: 0.2 | I28: CT | J28: =VLOOKUP(B28,Tabela_preços[[DESCRIÇÃO]:[VALOR]],3,FALSE) -> 18 | K28: =J28*H28 -> 3.6
J30: TOTAL | K30: =SUM(K7:K27) -> 2738.2566

Sheet Grade CIR Externo
B2: GRADE PORTAS BY PARKET
B4: LISTA DE FERRAGENS E INSUMOS
B6: FERRAGENS | G6: QNT. | H6: UNID MED | I6: CUSTO | J6: CUSTO TOTAL
A7: PKT100511IN | B7: PIVÔ CIR 80KG - ECLISSE | G7: 1 | H7: UNID | I7: =VLOOKUP(B7,Tabela_preços[[DESCRIÇÃO]:[VALOR]],3,FALSE) -> 463.025 | J7: =I7*G7 -> 463.025
A8: PKT100050IN | B8: VEDA FRESTAS 04 X 09MM MARROM CLARO C/ 06 MT | G8: 1 | H8: UNID | I8: =VLOOKUP(B8,Tabela_preços[[DESCRIÇÃO]:[VALOR]],3,FALSE) -> 17.512 | J8: =I8*G8 -> 17.512
A9: PKT100070IN | B9: IMÃ 22X10 N.42 | G9: 4 | H9: UNID | I9: =VLOOKUP(B9,Tabela_preços[[DESCRIÇÃO]:[VALOR]],3,FALSE) -> 17.85 | J9: =I9*G9 -> 71.4
A10: PKT100528IN | B10: PERFIL DE ALUMINIO 1/2 - 02 METROS - 10MM INTERNO | G10: 1 | H10: UNID | I10: =VLOOKUP(B10,Tabela_preços[[DESCRIÇÃO]:[VALOR]],3,FALSE) -> 13.6 | J10: =I10*G10 -> 13.6
A11: PKT100522IN | B11: COLA OBLONGO ACABAMENTO CHAVE 27,5x13mm | G11: 1 | H11: UNID | I11: =VLOOKUP(B11,Tabela_preços[[DESCRIÇÃO]:[VALOR]],3,FALSE) -> 25 | J11: =I11*G11 -> 25
A12: PKT100519IN | B12: ADAPTADOR INTERNO, PARA FECHADURAS COD 911.03.886 | G12: 1 | H12: UNID | I12: =VLOOKUP(B12,Tabela_preços[[DESCRIÇÃO]:[VALOR]],3,FALSE) -> 33.26 | J12: =I12*G12 -> 33.26
A13: PKT100505IN | B13: FECHADURA AUX LINGUETA RETA INOX FOSCO 911.22.490 | G13: 1 | H13: UNID | I13: =VLOOKUP(B13,Tabela_preços[[DESCRIÇÃO]:[VALOR]],3,FALSE) -> 105.204 | J13: =I13*G13 -> 105.204
B16: MATÉRIA PRIMA | G16: QNT. | H16: UNID MED | I16: CUSTO | J16: CUSTO TOTAL
A17: PKT100520IN | B17: COMPENSADO NAVAL 10MM (10X1200X3000) | G17: 2 | H17: UNID | I17: =VLOOKUP(B17,Tabela_preços[[DESCRIÇÃO]:[VALOR]],3,FALSE) -> 185 | J17: =I17*G17 -> 370
A18: 865 | B18: LAMINA NATURAL CARVALHO EUROPEU | G18: 20 | H18: UNID | I18: =VLOOKUP(B18,Tabela_preços[[DESCRIÇÃO]:[VALOR]],3,FALSE) -> 65 | J18: =I18*G18 -> 1300
A19: PKT400351P | B19: MADEIRA MACIÇA TAUARI (0.02X0.20X3.00) | G19: 0.1 | H19: 0.1 | I19: =VLOOKUP(B19,Tabela_preços[[DESCRIÇÃO]:[VALOR]],3,FALSE) -> 2900 | J19: =I19*G19 -> 290
A20: PKT400352P | B20: MADEIRA MACIÇA TAUARI (0.02X0.20X1.00) | G20: 0.1 | H20: 0.1 | I20: =VLOOKUP(B20,Tabela_preços[[DESCRIÇÃO]:[VALOR]],3,FALSE) -> 2900 | J20: =I20*G20 -> 290
A21: PKT100066IN | B21: COLA TITE BOND 1KG | G21: 2 | H21: UNID | I21: =VLOOKUP(B21,Tabela_preços[[DESCRIÇÃO]:[VALOR]],3,FALSE) -> 46.15 | J21: =I21*G21 -> 92.3
A22: PKT100487IN | B22: BARRA TUBO 20 X 30 X 6,00 CH PRETO | G22: 3 | H22: UNID | I22: =VLOOKUP(B22,Tabela_preços[[DESCRIÇÃO]:[VALOR]],3,FALSE) -> 58.65 | J22: =I22*G22 -> 175.95
A23: PKT100064IN | B23: FUNDO ACABAMENTO BRILHO 0 MILESSI | G23: 1.5 | H23: UNID | I23: =VLOOKUP(B23,Tabela_preços[[DESCRIÇÃO]:[VALOR]],3,FALSE) -> 87.7068 | J23: =I23*G23 -> 131.5602
A24: PKT100039IN | B24: COLA PUR TEKBOND 500G | G24: 1 | H24: UNID | I24: =VLOOKUP(B24,Tabela_preços[[DESCRIÇÃO]:[VALOR]],3,FALSE) -> 33.64 | J24: =I24*G24 -> 33.64
A25: PKT100033IN | B25: COLA DE CONTATO 2,8KG | G25: 1 | H25: UNID | I25: =VLOOKUP(B25,Tabela_preços[[DESCRIÇÃO]:[VALOR]],3,FALSE) -> 99 | J25: =I25*G25 -> 99
A26: PKT100504IN | B26: GRAMPO TIPO ''U'' 80x12MM | G26: 100 | H26: UNID | I26: =VLOOKUP(B26,Tabela_preços[[DESCRIÇÃO]:[VALOR]],3,FALSE) -> 2 | J26: =I26*G26 -> 200
A27: PKT100218IN | B27: PINO F30 P/ PINADOR PNEUMATICO | G27: 100 | H27: UNID | I27: =VLOOKUP(B27,Tabela_preços[[DESCRIÇÃO]:[VALOR]],3,FALSE) -> 0.452 | J27: =I27*G27 -> 45.2
B29: LISTA DE INSUMOS OBRA | G29: QNT. | H29: UNID MED | I29: CUSTO | J29: CUSTO TOTAL
A30: PKT100521IN | B30: PARAFUSO BICROMATIZADO PHILIPS 6.0X80MM | G30: 0.2 | H30: CT | I30: =VLOOKUP(B30,Tabela_preços[[DESCRIÇÃO]:[VALOR]],3,FALSE) -> 28 | J30: =I30*G30 -> 5.6
A31: PKT100024IN | B31: BUCHA 08MM | G31: 0.2 | H31: CT | I31: =VLOOKUP(B31,Tabela_preços[[DESCRIÇÃO]:[VALOR]],3,FALSE) -> 18 | J31: =I31*G31 -> 3.6
I33: TOTAL | J33: =SUM(J6:J30) -> 3762.2512
